,onset,offset,label
0,0.0,0.5,0
1,0.5,1.0,0
2,1.0,1.5,0
3,1.5,2.0,0
4,2.0,2.5,0
5,2.5,3.0,0
6,3.0,3.5,0
7,3.5,4.0,1
8,4.0,4.5,0
9,4.5,5.0,0
10,5.0,5.5,0
11,5.5,6.0,0
12,6.0,6.5,0
13,6.5,7.0,0
14,7.0,7.5,0
15,7.5,8.0,0
16,8.0,8.5,0
17,8.5,9.0,0
18,9.0,9.5,0
19,9.5,10.0,0
20,10.0,10.5,0
21,10.5,11.0,0
22,11.0,11.5,0
23,11.5,12.0,0
24,12.0,12.5,0
25,12.5,13.0,0
26,13.0,13.5,0
27,13.5,14.0,0
28,14.0,14.5,0
29,14.5,15.0,0
30,15.0,15.5,0
31,15.5,16.0,0
32,16.0,16.5,0
33,16.5,17.0,0
34,17.0,17.5,0
35,17.5,18.0,0
36,18.0,18.5,1
37,18.5,19.0,0
38,19.0,19.5,0
39,19.5,20.0,0
40,20.0,20.5,0
41,20.5,21.0,0
42,21.0,21.5,0
43,21.5,22.0,1
44,22.0,22.5,0
45,22.5,23.0,0
46,23.0,23.5,0
47,23.5,24.0,0
48,24.0,24.5,0
49,24.5,25.0,0
50,25.0,25.5,0
51,25.5,26.0,0
52,26.0,26.5,1
53,26.5,27.0,0
54,27.0,27.5,0
55,27.5,28.0,1
56,28.0,28.5,0
57,28.5,29.0,0
58,29.0,29.5,0
59,29.5,30.0,0
60,30.0,30.5,0
61,30.5,31.0,0
62,31.0,31.5,0
63,31.5,32.0,0
64,32.0,32.5,0
65,32.5,33.0,0
66,33.0,33.5,0
67,33.5,34.0,0
68,34.0,34.5,0
69,34.5,35.0,0
70,35.0,35.5,0
71,35.5,36.0,0
72,36.0,36.5,0
73,36.5,37.0,0
74,37.0,37.5,0
75,37.5,38.0,0
76,38.0,38.5,0
77,38.5,39.0,0
78,39.0,39.5,0
79,39.5,40.0,0
80,40.0,40.5,0
81,40.5,41.0,0
82,41.0,41.5,0
83,41.5,42.0,0
84,42.0,42.5,0
85,42.5,43.0,0
86,43.0,43.5,0
87,43.5,44.0,0
88,44.0,44.5,0
89,44.5,45.0,0
90,45.0,45.5,0
91,45.5,46.0,0
92,46.0,46.5,0
93,46.5,47.0,0
94,47.0,47.5,0
95,47.5,48.0,0
96,48.0,48.5,0
97,48.5,49.0,0
98,49.0,49.5,0
99,49.5,50.0,0
100,50.0,50.5,0
101,50.5,51.0,0
102,51.0,51.5,0
103,51.5,52.0,0
104,52.0,52.5,0
105,52.5,53.0,0
106,53.0,53.5,0
107,53.5,54.0,0
108,54.0,54.5,0
109,54.5,55.0,0
110,55.0,55.5,0
111,55.5,56.0,0
112,56.0,56.5,0
113,56.5,57.0,0
114,57.0,57.5,0
115,57.5,58.0,0
116,58.0,58.5,0
117,58.5,59.0,0
118,59.0,59.5,0
119,59.5,60.0,0
120,60.0,60.5,0
121,60.5,61.0,0
122,61.0,61.5,1
123,61.5,62.0,0
124,62.0,62.5,0
125,62.5,63.0,0
126,63.0,63.5,0
127,63.5,64.0,0
128,64.0,64.5,0
129,64.5,65.0,0
130,65.0,65.5,0
131,65.5,66.0,0
132,66.0,66.5,0
133,66.5,67.0,0
134,67.0,67.5,0
135,67.5,68.0,0
136,68.0,68.5,0
137,68.5,69.0,0
138,69.0,69.5,0
139,69.5,70.0,0
140,70.0,70.5,0
141,70.5,71.0,0
142,71.0,71.5,0
143,71.5,72.0,0
144,72.0,72.5,0
145,72.5,73.0,0
146,73.0,73.5,0
147,73.5,74.0,0
148,74.0,74.5,0
149,74.5,75.0,0
150,75.0,75.5,0
151,75.5,76.0,0
152,76.0,76.5,0
153,76.5,77.0,0
154,77.0,77.5,0
155,77.5,78.0,0
156,78.0,78.5,0
157,78.5,79.0,0
158,79.0,79.5,0
159,79.5,80.0,0
160,80.0,80.5,0
161,80.5,81.0,0
162,81.0,81.5,0
163,81.5,82.0,0
164,82.0,82.5,0
165,82.5,83.0,0
166,83.0,83.5,0
167,83.5,84.0,0
168,84.0,84.5,0
169,84.5,85.0,0
170,85.0,85.5,0
171,85.5,86.0,0
172,86.0,86.5,0
173,86.5,87.0,0
174,87.0,87.5,0
175,87.5,88.0,0
176,88.0,88.5,0
177,88.5,89.0,0
178,89.0,89.5,0
179,89.5,90.0,0
180,90.0,90.5,0
181,90.5,91.0,0
182,91.0,91.5,0
183,91.5,92.0,0
184,92.0,92.5,0
185,92.5,93.0,0
186,93.0,93.5,0
187,93.5,94.0,0
188,94.0,94.5,0
189,94.5,95.0,0
190,95.0,95.5,0
191,95.5,96.0,0
192,96.0,96.5,0
193,96.5,97.0,0
194,97.0,97.5,0
195,97.5,98.0,1
196,98.0,98.5,0
197,98.5,99.0,0
198,99.0,99.5,0
199,99.5,100.0,0
200,100.0,100.5,1
201,100.5,101.0,0
202,101.0,101.5,0
203,101.5,102.0,0
204,102.0,102.5,0
205,102.5,103.0,0
206,103.0,103.5,0
207,103.5,104.0,0
208,104.0,104.5,0
209,104.5,105.0,0
210,105.0,105.5,0
211,105.5,106.0,1
212,106.0,106.5,0
213,106.5,107.0,0
214,107.0,107.5,0
215,107.5,108.0,1
216,108.0,108.5,0
217,108.5,109.0,0
218,109.0,109.5,0
219,109.5,110.0,0
220,110.0,110.5,0
221,110.5,111.0,0
222,111.0,111.5,0
223,111.5,112.0,0
224,112.0,112.5,0
225,112.5,113.0,1
226,113.0,113.5,0
227,113.5,114.0,0
228,114.0,114.5,0
229,114.5,115.0,0
230,115.0,115.5,0
231,115.5,116.0,0
232,116.0,116.5,0
233,116.5,117.0,0
234,117.0,117.5,0
235,117.5,118.0,0
236,118.0,118.5,0
237,118.5,119.0,0
238,119.0,119.5,0
239,119.5,120.0,0
240,120.0,120.5,1
241,120.5,121.0,0
242,121.0,121.5,1
243,121.5,122.0,1
244,122.0,122.5,0
245,122.5,123.0,0
246,123.0,123.5,0
247,123.5,124.0,0
248,124.0,124.5,0
249,124.5,125.0,0
250,125.0,125.5,0
251,125.5,126.0,0
252,126.0,126.5,0
253,126.5,127.0,0
254,127.0,127.5,0
255,127.5,128.0,0
256,128.0,128.5,0
257,128.5,129.0,1
258,129.0,129.5,0
259,129.5,130.0,0
260,130.0,130.5,0
261,130.5,131.0,0
262,131.0,131.5,0
263,131.5,132.0,0
264,132.0,132.5,0
265,132.5,133.0,0
266,133.0,133.5,0
267,133.5,134.0,0
268,134.0,134.5,0
269,134.5,135.0,1
270,135.0,135.5,0
271,135.5,136.0,0
272,136.0,136.5,0
273,136.5,137.0,0
274,137.0,137.5,0
275,137.5,138.0,0
276,138.0,138.5,0
277,138.5,139.0,0
278,139.0,139.5,0
279,139.5,140.0,0
280,140.0,140.5,0
281,140.5,141.0,0
282,141.0,141.5,0
283,141.5,142.0,0
284,142.0,142.5,0
285,142.5,143.0,0
286,143.0,143.5,0
287,143.5,144.0,0
288,144.0,144.5,0
289,144.5,145.0,0
290,145.0,145.5,0
291,145.5,146.0,0
292,146.0,146.5,0
293,146.5,147.0,0
294,147.0,147.5,0
295,147.5,148.0,0
296,148.0,148.5,0
297,148.5,149.0,1
298,149.0,149.5,0
299,149.5,150.0,0
300,150.0,150.5,0
301,150.5,151.0,0
302,151.0,151.5,0
303,151.5,152.0,0
304,152.0,152.5,0
305,152.5,153.0,0
306,153.0,153.5,0
307,153.5,154.0,0
308,154.0,154.5,0
309,154.5,155.0,0
310,155.0,155.5,0
311,155.5,156.0,0
312,156.0,156.5,0
313,156.5,157.0,0
314,157.0,157.5,0
315,157.5,158.0,1
316,158.0,158.5,0
317,158.5,159.0,0
318,159.0,159.5,0
319,159.5,160.0,0
320,160.0,160.5,0
321,160.5,161.0,0
322,161.0,161.5,0
323,161.5,162.0,0
324,162.0,162.5,0
325,162.5,163.0,0
326,163.0,163.5,0
327,163.5,164.0,0
328,164.0,164.5,0
329,164.5,165.0,0
330,165.0,165.5,0
331,165.5,166.0,0
332,166.0,166.5,0
333,166.5,167.0,0
334,167.0,167.5,0
335,167.5,168.0,0
336,168.0,168.5,0
337,168.5,169.0,0
338,169.0,169.5,0
339,169.5,170.0,0
340,170.0,170.5,0
341,170.5,171.0,0
342,171.0,171.5,0
343,171.5,172.0,0
344,172.0,172.5,0
345,172.5,173.0,0
346,173.0,173.5,0
347,173.5,174.0,0
348,174.0,174.5,0
349,174.5,175.0,0
350,175.0,175.5,0
351,175.5,176.0,0
352,176.0,176.5,0
353,176.5,177.0,0
354,177.0,177.5,0
355,177.5,178.0,0
356,178.0,178.5,0
357,178.5,179.0,0
358,179.0,179.5,0
359,179.5,180.0,0
360,180.0,180.5,0
361,180.5,181.0,0
362,181.0,181.5,0
363,181.5,182.0,0
364,182.0,182.5,0
365,182.5,183.0,0
366,183.0,183.5,0
367,183.5,184.0,1
368,184.0,184.5,0
369,184.5,185.0,0
370,185.0,185.5,0
371,185.5,186.0,0
372,186.0,186.5,0
373,186.5,187.0,0
374,187.0,187.5,0
375,187.5,188.0,0
376,188.0,188.5,0
377,188.5,189.0,0
378,189.0,189.5,0
379,189.5,190.0,0
380,190.0,190.5,0
381,190.5,191.0,0
382,191.0,191.5,0
383,191.5,192.0,1
384,192.0,192.5,0
385,192.5,193.0,0
386,193.0,193.5,0
387,193.5,194.0,0
388,194.0,194.5,0
389,194.5,195.0,1
390,195.0,195.5,0
391,195.5,196.0,0
392,196.0,196.5,0
393,196.5,197.0,0
394,197.0,197.5,0
395,197.5,198.0,0
396,198.0,198.5,0
397,198.5,199.0,0
398,199.0,199.5,0
399,199.5,200.0,0
400,200.0,200.5,0
401,200.5,201.0,1
402,201.0,201.5,0
403,201.5,202.0,0
404,202.0,202.5,0
405,202.5,203.0,0
406,203.0,203.5,0
407,203.5,204.0,0
408,204.0,204.5,0
409,204.5,205.0,0
410,205.0,205.5,0
411,205.5,206.0,0
412,206.0,206.5,0
413,206.5,207.0,0
414,207.0,207.5,0
415,207.5,208.0,0
416,208.0,208.5,0
417,208.5,209.0,0
418,209.0,209.5,0
419,209.5,210.0,0
420,210.0,210.5,0
421,210.5,211.0,0
422,211.0,211.5,0
423,211.5,212.0,0
424,212.0,212.5,0
425,212.5,213.0,1
426,213.0,213.5,1
427,213.5,214.0,0
428,214.0,214.5,0
429,214.5,215.0,0
430,215.0,215.5,0
431,215.5,216.0,0
432,216.0,216.5,0
433,216.5,217.0,0
434,217.0,217.5,0
435,217.5,218.0,0
436,218.0,218.5,0
437,218.5,219.0,0
438,219.0,219.5,0
439,219.5,220.0,0
440,220.0,220.5,0
441,220.5,221.0,0
442,221.0,221.5,0
443,221.5,222.0,0
444,222.0,222.5,0
445,222.5,223.0,0
446,223.0,223.5,0
447,223.5,224.0,0
448,224.0,224.5,0
449,224.5,225.0,0
450,225.0,225.5,0
451,225.5,226.0,0
452,226.0,226.5,0
453,226.5,227.0,0
454,227.0,227.5,0
455,227.5,228.0,0
456,228.0,228.5,0
457,228.5,229.0,0
458,229.0,229.5,0
459,229.5,230.0,0
460,230.0,230.5,0
461,230.5,231.0,0
462,231.0,231.5,0
463,231.5,232.0,0
464,232.0,232.5,0
465,232.5,233.0,0
466,233.0,233.5,1
467,233.5,234.0,0
468,234.0,234.5,0
469,234.5,235.0,0
470,235.0,235.5,0
471,235.5,236.0,0
472,236.0,236.5,0
473,236.5,237.0,0
474,237.0,237.5,0
475,237.5,238.0,0
476,238.0,238.5,0
477,238.5,239.0,0
478,239.0,239.5,0
479,239.5,240.0,0
480,240.0,240.5,0
481,240.5,241.0,0
482,241.0,241.5,0
483,241.5,242.0,0
484,242.0,242.5,0
485,242.5,243.0,0
486,243.0,243.5,0
487,243.5,244.0,0
488,244.0,244.5,0
489,244.5,245.0,0
490,245.0,245.5,0
491,245.5,246.0,0
492,246.0,246.5,0
493,246.5,247.0,0
494,247.0,247.5,0
495,247.5,248.0,0
496,248.0,248.5,0
497,248.5,249.0,0
498,249.0,249.5,0
499,249.5,250.0,0
500,250.0,250.5,0
501,250.5,251.0,0
502,251.0,251.5,0
503,251.5,252.0,0
504,252.0,252.5,0
505,252.5,253.0,0
506,253.0,253.5,0
507,253.5,254.0,0
508,254.0,254.5,0
509,254.5,255.0,0
510,255.0,255.5,0
511,255.5,256.0,0
512,256.0,256.5,0
513,256.5,257.0,0
514,257.0,257.5,0
515,257.5,258.0,0
516,258.0,258.5,0
517,258.5,259.0,0
518,259.0,259.5,0
519,259.5,260.0,0
520,260.0,260.5,0
521,260.5,261.0,0
522,261.0,261.5,0
523,261.5,262.0,0
524,262.0,262.5,0
525,262.5,263.0,0
526,263.0,263.5,0
527,263.5,264.0,0
528,264.0,264.5,0
529,264.5,265.0,0
530,265.0,265.5,0
531,265.5,266.0,0
532,266.0,266.5,0
533,266.5,267.0,1
534,267.0,267.5,0
535,267.5,268.0,0
536,268.0,268.5,0
537,268.5,269.0,0
538,269.0,269.5,0
539,269.5,270.0,0
540,270.0,270.5,0
541,270.5,271.0,0
542,271.0,271.5,0
543,271.5,272.0,0
544,272.0,272.5,0
545,272.5,273.0,1
546,273.0,273.5,0
547,273.5,274.0,0
548,274.0,274.5,0
549,274.5,275.0,0
550,275.0,275.5,0
551,275.5,276.0,0
552,276.0,276.5,0
553,276.5,277.0,0
554,277.0,277.5,0
555,277.5,278.0,0
556,278.0,278.5,0
557,278.5,279.0,0
558,279.0,279.5,0
559,279.5,280.0,1
560,280.0,280.5,0
561,280.5,281.0,0
562,281.0,281.5,0
563,281.5,282.0,0
564,282.0,282.5,0
565,282.5,283.0,0
566,283.0,283.5,1
567,283.5,284.0,0
568,284.0,284.5,0
569,284.5,285.0,0
570,285.0,285.5,0
571,285.5,286.0,0
572,286.0,286.5,0
573,286.5,287.0,0
574,287.0,287.5,0
575,287.5,288.0,0
576,288.0,288.5,0
577,288.5,289.0,0
578,289.0,289.5,0
579,289.5,290.0,0
580,290.0,290.5,0
581,290.5,291.0,0
582,291.0,291.5,0
583,291.5,292.0,0
584,292.0,292.5,0
585,292.5,293.0,0
586,293.0,293.5,0
587,293.5,294.0,0
588,294.0,294.5,0
589,294.5,295.0,0
590,295.0,295.5,0
591,295.5,296.0,0
592,296.0,296.5,0
593,296.5,297.0,0
594,297.0,297.5,0
595,297.5,298.0,0
596,298.0,298.5,0
597,298.5,299.0,1
598,299.0,299.5,0
599,299.5,300.0,1
600,300.0,300.5,0
601,300.5,301.0,0
602,301.0,301.5,0
603,301.5,302.0,0
604,302.0,302.5,1
605,302.5,303.0,0
606,303.0,303.5,0
607,303.5,304.0,0
608,304.0,304.5,0
609,304.5,305.0,0
610,305.0,305.5,0
611,305.5,306.0,0
612,306.0,306.5,0
613,306.5,307.0,0
614,307.0,307.5,0
615,307.5,308.0,0
616,308.0,308.5,1
617,308.5,309.0,0
618,309.0,309.5,0
619,309.5,310.0,0
620,310.0,310.5,0
621,310.5,311.0,0
622,311.0,311.5,0
623,311.5,312.0,0
624,312.0,312.5,0
625,312.5,313.0,0
626,313.0,313.5,0
627,313.5,314.0,0
628,314.0,314.5,0
629,314.5,315.0,0
630,315.0,315.5,0
631,315.5,316.0,0
632,316.0,316.5,0
633,316.5,317.0,0
634,317.0,317.5,0
635,317.5,318.0,0
636,318.0,318.5,0
637,318.5,319.0,0
638,319.0,319.5,0
639,319.5,320.0,0
640,320.0,320.5,0
641,320.5,321.0,0
642,321.0,321.5,0
643,321.5,322.0,0
644,322.0,322.5,0
645,322.5,323.0,0
646,323.0,323.5,0
647,323.5,324.0,0
648,324.0,324.5,0
649,324.5,325.0,0
650,325.0,325.5,0
651,325.5,326.0,0
652,326.0,326.5,0
653,326.5,327.0,0
654,327.0,327.5,0
655,327.5,328.0,1
656,328.0,328.5,0
657,328.5,329.0,0
658,329.0,329.5,0
659,329.5,330.0,0
660,330.0,330.5,0
661,330.5,331.0,0
662,331.0,331.5,0
663,331.5,332.0,0
664,332.0,332.5,0
665,332.5,333.0,0
666,333.0,333.5,0
667,333.5,334.0,0
668,334.0,334.5,0
669,334.5,335.0,0
670,335.0,335.5,0
671,335.5,336.0,0
672,336.0,336.5,1
673,336.5,337.0,0
674,337.0,337.5,0
675,337.5,338.0,0
676,338.0,338.5,0
677,338.5,339.0,0
678,339.0,339.5,1
679,339.5,340.0,0
680,340.0,340.5,0
681,340.5,341.0,1
682,341.0,341.5,0
683,341.5,342.0,1
684,342.0,342.5,0
685,342.5,343.0,0
686,343.0,343.5,0
687,343.5,344.0,0
688,344.0,344.5,0
689,344.5,345.0,0
690,345.0,345.5,0
691,345.5,346.0,0
692,346.0,346.5,0
693,346.5,347.0,0
694,347.0,347.5,0
695,347.5,348.0,0
696,348.0,348.5,0
697,348.5,349.0,0
698,349.0,349.5,1
699,349.5,350.0,0
700,350.0,350.5,0
701,350.5,351.0,0
702,351.0,351.5,0
703,351.5,352.0,0
704,352.0,352.5,0
705,352.5,353.0,0
706,353.0,353.5,0
707,353.5,354.0,0
708,354.0,354.5,0
709,354.5,355.0,0
710,355.0,355.5,0
711,355.5,356.0,0
712,356.0,356.5,0
713,356.5,357.0,0
714,357.0,357.5,1
715,357.5,358.0,0
716,358.0,358.5,0
717,358.5,359.0,0
718,359.0,359.5,0
719,359.5,360.0,1
720,360.0,360.5,0
721,360.5,361.0,0
722,361.0,361.5,0
723,361.5,362.0,0
724,362.0,362.5,0
725,362.5,363.0,0
726,363.0,363.5,0
727,363.5,364.0,0
728,364.0,364.5,0
729,364.5,365.0,0
730,365.0,365.5,1
731,365.5,366.0,1
732,366.0,366.5,0
733,366.5,367.0,0
734,367.0,367.5,0
735,367.5,368.0,0
736,368.0,368.5,0
737,368.5,369.0,0
738,369.0,369.5,0
739,369.5,370.0,1
740,370.0,370.5,0
741,370.5,371.0,0
742,371.0,371.5,0
743,371.5,372.0,0
744,372.0,372.5,0
745,372.5,373.0,0
746,373.0,373.5,0
747,373.5,374.0,0
748,374.0,374.5,0
749,374.5,375.0,0
750,375.0,375.5,0
751,375.5,376.0,1
752,376.0,376.5,0
753,376.5,377.0,0
754,377.0,377.5,0
755,377.5,378.0,0
756,378.0,378.5,0
757,378.5,379.0,0
758,379.0,379.5,0
759,379.5,380.0,0
760,380.0,380.5,0
761,380.5,381.0,0
762,381.0,381.5,0
763,381.5,382.0,0
764,382.0,382.5,0
765,382.5,383.0,0
766,383.0,383.5,0
767,383.5,384.0,0
768,384.0,384.5,0
769,384.5,385.0,0
770,385.0,385.5,0
771,385.5,386.0,0
772,386.0,386.5,0
773,386.5,387.0,0
774,387.0,387.5,0
775,387.5,388.0,0
776,388.0,388.5,1
777,388.5,389.0,0
778,389.0,389.5,0
779,389.5,390.0,0
780,390.0,390.5,0
781,390.5,391.0,0
782,391.0,391.5,0
783,391.5,392.0,0
784,392.0,392.5,0
785,392.5,393.0,0
786,393.0,393.5,0
787,393.5,394.0,1
788,394.0,394.5,0
789,394.5,395.0,0
790,395.0,395.5,0
791,395.5,396.0,0
792,396.0,396.5,0
793,396.5,397.0,0
794,397.0,397.5,0
795,397.5,398.0,0
796,398.0,398.5,0
797,398.5,399.0,0
798,399.0,399.5,0
799,399.5,400.0,0
800,400.0,400.5,0
801,400.5,401.0,0
802,401.0,401.5,0
803,401.5,402.0,0
804,402.0,402.5,0
805,402.5,403.0,0
806,403.0,403.5,0
807,403.5,404.0,0
808,404.0,404.5,0
809,404.5,405.0,0
810,405.0,405.5,0
811,405.5,406.0,0
812,406.0,406.5,0
813,406.5,407.0,0
814,407.0,407.5,0
815,407.5,408.0,0
816,408.0,408.5,0
817,408.5,409.0,0
818,409.0,409.5,0
819,409.5,410.0,0
820,410.0,410.5,0
821,410.5,411.0,0
822,411.0,411.5,0
823,411.5,412.0,0
824,412.0,412.5,0
825,412.5,413.0,0
826,413.0,413.5,0
827,413.5,414.0,0
828,414.0,414.5,0
829,414.5,415.0,0
830,415.0,415.5,0
831,415.5,416.0,0
832,416.0,416.5,0
833,416.5,417.0,0
834,417.0,417.5,0
835,417.5,418.0,0
836,418.0,418.5,0
837,418.5,419.0,0
838,419.0,419.5,0
839,419.5,420.0,0
840,420.0,420.5,0
841,420.5,421.0,0
842,421.0,421.5,0
843,421.5,422.0,0
844,422.0,422.5,0
845,422.5,423.0,0
846,423.0,423.5,0
847,423.5,424.0,0
848,424.0,424.5,0
849,424.5,425.0,0
850,425.0,425.5,0
851,425.5,426.0,0
852,426.0,426.5,0
853,426.5,427.0,0
854,427.0,427.5,0
855,427.5,428.0,0
856,428.0,428.5,0
857,428.5,429.0,0
858,429.0,429.5,0
859,429.5,430.0,0
860,430.0,430.5,0
861,430.5,431.0,0
862,431.0,431.5,0
863,431.5,432.0,0
864,432.0,432.5,0
865,432.5,433.0,0
866,433.0,433.5,1
867,433.5,434.0,0
868,434.0,434.5,0
869,434.5,435.0,0
870,435.0,435.5,0
871,435.5,436.0,0
872,436.0,436.5,0
873,436.5,437.0,0
874,437.0,437.5,0
875,437.5,438.0,0
876,438.0,438.5,1
877,438.5,439.0,0
878,439.0,439.5,1
879,439.5,440.0,0
880,440.0,440.5,0
881,440.5,441.0,0
882,441.0,441.5,0
883,441.5,442.0,0
884,442.0,442.5,0
885,442.5,443.0,0
886,443.0,443.5,0
887,443.5,444.0,0
888,444.0,444.5,0
889,444.5,445.0,0
890,445.0,445.5,0
891,445.5,446.0,0
892,446.0,446.5,0
893,446.5,447.0,0
894,447.0,447.5,0
895,447.5,448.0,0
896,448.0,448.5,0
897,448.5,449.0,0
898,449.0,449.5,0
899,449.5,450.0,0
900,450.0,450.5,0
901,450.5,451.0,0
902,451.0,451.5,0
903,451.5,452.0,0
904,452.0,452.5,0
905,452.5,453.0,0
906,453.0,453.5,0
907,453.5,454.0,0
908,454.0,454.5,0
909,454.5,455.0,0
910,455.0,455.5,0
911,455.5,456.0,0
912,456.0,456.5,0
913,456.5,457.0,0
914,457.0,457.5,1
915,457.5,458.0,0
916,458.0,458.5,0
917,458.5,459.0,0
918,459.0,459.5,1
919,459.5,460.0,0
920,460.0,460.5,0
921,460.5,461.0,0
922,461.0,461.5,0
923,461.5,462.0,0
924,462.0,462.5,0
925,462.5,463.0,0
926,463.0,463.5,0
927,463.5,464.0,0
928,464.0,464.5,0
929,464.5,465.0,0
930,465.0,465.5,0
931,465.5,466.0,0
932,466.0,466.5,0
933,466.5,467.0,0
934,467.0,467.5,0
935,467.5,468.0,1
936,468.0,468.5,0
937,468.5,469.0,0
938,469.0,469.5,0
939,469.5,470.0,0
940,470.0,470.5,0
941,470.5,471.0,0
942,471.0,471.5,0
943,471.5,472.0,0
944,472.0,472.5,0
945,472.5,473.0,0
946,473.0,473.5,0
947,473.5,474.0,0
948,474.0,474.5,0
949,474.5,475.0,0
950,475.0,475.5,0
951,475.5,476.0,0
952,476.0,476.5,0
953,476.5,477.0,0
954,477.0,477.5,0
955,477.5,478.0,0
956,478.0,478.5,0
957,478.5,479.0,0
958,479.0,479.5,0
959,479.5,480.0,0
960,480.0,480.5,0
961,480.5,481.0,0
962,481.0,481.5,0
963,481.5,482.0,0
964,482.0,482.5,1
965,482.5,483.0,0
966,483.0,483.5,1
967,483.5,484.0,0
968,484.0,484.5,0
969,484.5,485.0,0
970,485.0,485.5,0
971,485.5,486.0,1
972,486.0,486.5,1
973,486.5,487.0,0
974,487.0,487.5,1
975,487.5,488.0,0
976,488.0,488.5,0
977,488.5,489.0,0
978,489.0,489.5,0
979,489.5,490.0,0
980,490.0,490.5,0
981,490.5,491.0,1
982,491.0,491.5,0
983,491.5,492.0,0
984,492.0,492.5,0
985,492.5,493.0,0
986,493.0,493.5,0
987,493.5,494.0,0
988,494.0,494.5,0
989,494.5,495.0,0
990,495.0,495.5,0
991,495.5,496.0,0
992,496.0,496.5,0
993,496.5,497.0,0
994,497.0,497.5,0
995,497.5,498.0,0
996,498.0,498.5,0
997,498.5,499.0,0
998,499.0,499.5,0
999,499.5,500.0,0
1000,500.0,500.5,0
1001,500.5,501.0,0
1002,501.0,501.5,0
1003,501.5,502.0,0
1004,502.0,502.5,0
1005,502.5,503.0,0
1006,503.0,503.5,0
1007,503.5,504.0,0
1008,504.0,504.5,0
1009,504.5,505.0,0
1010,505.0,505.5,0
1011,505.5,506.0,0
1012,506.0,506.5,0
1013,506.5,507.0,0
1014,507.0,507.5,0
1015,507.5,508.0,0
1016,508.0,508.5,0
1017,508.5,509.0,0
1018,509.0,509.5,0
1019,509.5,510.0,0
1020,510.0,510.5,0
1021,510.5,511.0,0
1022,511.0,511.5,0
1023,511.5,512.0,0
1024,512.0,512.5,0
1025,512.5,513.0,0
1026,513.0,513.5,0
1027,513.5,514.0,0
1028,514.0,514.5,0
1029,514.5,515.0,0
1030,515.0,515.5,0
1031,515.5,516.0,0
1032,516.0,516.5,0
1033,516.5,517.0,1
1034,517.0,517.5,0
1035,517.5,518.0,0
1036,518.0,518.5,0
1037,518.5,519.0,0
1038,519.0,519.5,0
1039,519.5,520.0,0
1040,520.0,520.5,0
1041,520.5,521.0,0
1042,521.0,521.5,0
1043,521.5,522.0,0
1044,522.0,522.5,0
1045,522.5,523.0,0
1046,523.0,523.5,0
1047,523.5,524.0,0
1048,524.0,524.5,0
1049,524.5,525.0,0
1050,525.0,525.5,0
1051,525.5,526.0,0
1052,526.0,526.5,0
1053,526.5,527.0,0
1054,527.0,527.5,0
1055,527.5,528.0,0
1056,528.0,528.5,0
1057,528.5,529.0,0
1058,529.0,529.5,0
1059,529.5,530.0,0
1060,530.0,530.5,0
1061,530.5,531.0,0
1062,531.0,531.5,0
1063,531.5,532.0,0
1064,532.0,532.5,0
1065,532.5,533.0,0
1066,533.0,533.5,0
1067,533.5,534.0,0
1068,534.0,534.5,0
1069,534.5,535.0,0
1070,535.0,535.5,0
1071,535.5,536.0,0
1072,536.0,536.5,0
1073,536.5,537.0,0
1074,537.0,537.5,0
1075,537.5,538.0,0
1076,538.0,538.5,0
1077,538.5,539.0,0
1078,539.0,539.5,1
1079,539.5,540.0,1
1080,540.0,540.5,1
1081,540.5,541.0,1
1082,541.0,541.5,0
1083,541.5,542.0,0
1084,542.0,542.5,0
1085,542.5,543.0,0
1086,543.0,543.5,0
1087,543.5,544.0,0
1088,544.0,544.5,0
1089,544.5,545.0,0
1090,545.0,545.5,0
1091,545.5,546.0,0
1092,546.0,546.5,0
1093,546.5,547.0,0
1094,547.0,547.5,0
1095,547.5,548.0,0
1096,548.0,548.5,1
1097,548.5,549.0,1
1098,549.0,549.5,0
1099,549.5,550.0,0
1100,550.0,550.5,0
1101,550.5,551.0,0
1102,551.0,551.5,0
1103,551.5,552.0,0
1104,552.0,552.5,0
1105,552.5,553.0,0
1106,553.0,553.5,0
1107,553.5,554.0,0
1108,554.0,554.5,0
1109,554.5,555.0,0
1110,555.0,555.5,0
1111,555.5,556.0,0
1112,556.0,556.5,0
1113,556.5,557.0,0
1114,557.0,557.5,0
1115,557.5,558.0,0
1116,558.0,558.5,0
1117,558.5,559.0,0
1118,559.0,559.5,0
1119,559.5,560.0,0
1120,560.0,560.5,0
1121,560.5,561.0,0
1122,561.0,561.5,0
1123,561.5,562.0,0
1124,562.0,562.5,0
1125,562.5,563.0,0
1126,563.0,563.5,0
1127,563.5,564.0,0
1128,564.0,564.5,0
1129,564.5,565.0,0
1130,565.0,565.5,0
1131,565.5,566.0,0
1132,566.0,566.5,1
1133,566.5,567.0,0
1134,567.0,567.5,0
1135,567.5,568.0,0
1136,568.0,568.5,0
1137,568.5,569.0,0
1138,569.0,569.5,0
1139,569.5,570.0,0
1140,570.0,570.5,0
1141,570.5,571.0,0
1142,571.0,571.5,0
1143,571.5,572.0,0
1144,572.0,572.5,0
1145,572.5,573.0,0
1146,573.0,573.5,0
1147,573.5,574.0,0
1148,574.0,574.5,0
1149,574.5,575.0,1
1150,575.0,575.5,0
1151,575.5,576.0,0
1152,576.0,576.5,0
1153,576.5,577.0,0
1154,577.0,577.5,0
1155,577.5,578.0,0
1156,578.0,578.5,0
1157,578.5,579.0,0
1158,579.0,579.5,0
1159,579.5,580.0,0
1160,580.0,580.5,0
1161,580.5,581.0,0
1162,581.0,581.5,1
1163,581.5,582.0,0
1164,582.0,582.5,0
1165,582.5,583.0,1
1166,583.0,583.5,0
1167,583.5,584.0,0
1168,584.0,584.5,0
1169,584.5,585.0,0
1170,585.0,585.5,0
1171,585.5,586.0,0
1172,586.0,586.5,0
1173,586.5,587.0,0
1174,587.0,587.5,0
1175,587.5,588.0,0
1176,588.0,588.5,0
1177,588.5,589.0,1
1178,589.0,589.5,0
1179,589.5,590.0,0
1180,590.0,590.5,0
1181,590.5,591.0,0
1182,591.0,591.5,0
1183,591.5,592.0,0
1184,592.0,592.5,0
1185,592.5,593.0,0
1186,593.0,593.5,0
1187,593.5,594.0,0
1188,594.0,594.5,0
1189,594.5,595.0,0
1190,595.0,595.5,0
1191,595.5,596.0,0
1192,596.0,596.5,0
1193,596.5,597.0,0
1194,597.0,597.5,0
1195,597.5,598.0,0
1196,598.0,598.5,0
1197,598.5,599.0,0
1198,599.0,599.5,0
1199,599.5,600.0,0
1200,600.0,600.5,0
1201,600.5,601.0,0
1202,601.0,601.5,0
1203,601.5,602.0,0
1204,602.0,602.5,0
1205,602.5,603.0,0
1206,603.0,603.5,0
1207,603.5,604.0,0
1208,604.0,604.5,1
1209,604.5,605.0,0
1210,605.0,605.5,0
1211,605.5,606.0,0
1212,606.0,606.5,0
1213,606.5,607.0,0
1214,607.0,607.5,0
1215,607.5,608.0,0
1216,608.0,608.5,0
1217,608.5,609.0,0
1218,609.0,609.5,0
1219,609.5,610.0,0
1220,610.0,610.5,0
1221,610.5,611.0,0
1222,611.0,611.5,0
1223,611.5,612.0,0
1224,612.0,612.5,0
1225,612.5,613.0,0
1226,613.0,613.5,0
1227,613.5,614.0,0
1228,614.0,614.5,1
1229,614.5,615.0,0
1230,615.0,615.5,0
1231,615.5,616.0,0
1232,616.0,616.5,0
1233,616.5,617.0,0
1234,617.0,617.5,0
1235,617.5,618.0,0
1236,618.0,618.5,0
1237,618.5,619.0,0
1238,619.0,619.5,0
1239,619.5,620.0,0
1240,620.0,620.5,0
1241,620.5,621.0,0
1242,621.0,621.5,0
1243,621.5,622.0,0
1244,622.0,622.5,0
1245,622.5,623.0,0
1246,623.0,623.5,0
1247,623.5,624.0,0
1248,624.0,624.5,0
1249,624.5,625.0,0
1250,625.0,625.5,0
1251,625.5,626.0,0
1252,626.0,626.5,0
1253,626.5,627.0,0
1254,627.0,627.5,0
1255,627.5,628.0,0
1256,628.0,628.5,0
1257,628.5,629.0,0
1258,629.0,629.5,0
1259,629.5,630.0,1
1260,630.0,630.5,1
1261,630.5,631.0,0
1262,631.0,631.5,0
1263,631.5,632.0,0
1264,632.0,632.5,0
1265,632.5,633.0,0
1266,633.0,633.5,1
1267,633.5,634.0,0
1268,634.0,634.5,0
1269,634.5,635.0,0
1270,635.0,635.5,0
1271,635.5,636.0,0
1272,636.0,636.5,0
1273,636.5,637.0,0
1274,637.0,637.5,0
1275,637.5,638.0,0
1276,638.0,638.5,0
1277,638.5,639.0,0
1278,639.0,639.5,0
1279,639.5,640.0,0
1280,640.0,640.5,0
1281,640.5,641.0,0
1282,641.0,641.5,1
1283,641.5,642.0,0
1284,642.0,642.5,0
1285,642.5,643.0,0
1286,643.0,643.5,0
1287,643.5,644.0,0
1288,644.0,644.5,0
1289,644.5,645.0,0
1290,645.0,645.5,1
1291,645.5,646.0,0
1292,646.0,646.5,0
1293,646.5,647.0,0
1294,647.0,647.5,0
1295,647.5,648.0,0
1296,648.0,648.5,0
1297,648.5,649.0,0
1298,649.0,649.5,0
1299,649.5,650.0,0
1300,650.0,650.5,0
1301,650.5,651.0,0
1302,651.0,651.5,0
1303,651.5,652.0,0
1304,652.0,652.5,0
1305,652.5,653.0,0
1306,653.0,653.5,0
1307,653.5,654.0,0
1308,654.0,654.5,0
1309,654.5,655.0,0
1310,655.0,655.5,0
1311,655.5,656.0,0
1312,656.0,656.5,0
1313,656.5,657.0,1
1314,657.0,657.5,0
1315,657.5,658.0,0
1316,658.0,658.5,0
1317,658.5,659.0,0
1318,659.0,659.5,0
1319,659.5,660.0,0
1320,660.0,660.5,0
1321,660.5,661.0,0
1322,661.0,661.5,0
1323,661.5,662.0,0
1324,662.0,662.5,0
1325,662.5,663.0,0
1326,663.0,663.5,0
1327,663.5,664.0,0
1328,664.0,664.5,1
1329,664.5,665.0,0
1330,665.0,665.5,0
1331,665.5,666.0,0
1332,666.0,666.5,0
1333,666.5,667.0,0
1334,667.0,667.5,0
1335,667.5,668.0,0
1336,668.0,668.5,0
1337,668.5,669.0,0
1338,669.0,669.5,0
1339,669.5,670.0,0
1340,670.0,670.5,0
1341,670.5,671.0,0
1342,671.0,671.5,0
1343,671.5,672.0,0
1344,672.0,672.5,0
1345,672.5,673.0,1
1346,673.0,673.5,0
1347,673.5,674.0,0
1348,674.0,674.5,0
1349,674.5,675.0,0
1350,675.0,675.5,0
1351,675.5,676.0,0
1352,676.0,676.5,0
1353,676.5,677.0,0
1354,677.0,677.5,0
1355,677.5,678.0,0
1356,678.0,678.5,0
1357,678.5,679.0,0
1358,679.0,679.5,0
1359,679.5,680.0,0
1360,680.0,680.5,0
1361,680.5,681.0,0
1362,681.0,681.5,0
1363,681.5,682.0,0
1364,682.0,682.5,0
1365,682.5,683.0,0
1366,683.0,683.5,1
1367,683.5,684.0,0
1368,684.0,684.5,1
1369,684.5,685.0,0
1370,685.0,685.5,0
1371,685.5,686.0,0
1372,686.0,686.5,0
1373,686.5,687.0,0
1374,687.0,687.5,0
1375,687.5,688.0,0
1376,688.0,688.5,0
1377,688.5,689.0,0
1378,689.0,689.5,0
1379,689.5,690.0,0
1380,690.0,690.5,1
1381,690.5,691.0,0
1382,691.0,691.5,1
1383,691.5,692.0,1
1384,692.0,692.5,0
1385,692.5,693.0,0
1386,693.0,693.5,0
1387,693.5,694.0,0
1388,694.0,694.5,0
1389,694.5,695.0,0
1390,695.0,695.5,0
1391,695.5,696.0,0
1392,696.0,696.5,1
1393,696.5,697.0,0
1394,697.0,697.5,0
1395,697.5,698.0,0
1396,698.0,698.5,0
1397,698.5,699.0,0
1398,699.0,699.5,0
1399,699.5,700.0,0
1400,700.0,700.5,0
1401,700.5,701.0,0
1402,701.0,701.5,0
1403,701.5,702.0,0
1404,702.0,702.5,0
1405,702.5,703.0,0
1406,703.0,703.5,0
1407,703.5,704.0,0
1408,704.0,704.5,0
1409,704.5,705.0,0
1410,705.0,705.5,0
1411,705.5,706.0,0
1412,706.0,706.5,0
1413,706.5,707.0,0
1414,707.0,707.5,0
1415,707.5,708.0,1
1416,708.0,708.5,0
1417,708.5,709.0,0
1418,709.0,709.5,0
1419,709.5,710.0,0
1420,710.0,710.5,0
1421,710.5,711.0,0
1422,711.0,711.5,0
1423,711.5,712.0,0
1424,712.0,712.5,1
1425,712.5,713.0,0
1426,713.0,713.5,0
1427,713.5,714.0,0
1428,714.0,714.5,0
1429,714.5,715.0,0
1430,715.0,715.5,0
1431,715.5,716.0,0
1432,716.0,716.5,0
1433,716.5,717.0,0
1434,717.0,717.5,0
1435,717.5,718.0,0
1436,718.0,718.5,0
1437,718.5,719.0,0
1438,719.0,719.5,1
1439,719.5,720.0,0
1440,720.0,720.5,0
1441,720.5,721.0,0
1442,721.0,721.5,0
1443,721.5,722.0,0
1444,722.0,722.5,1
1445,722.5,723.0,0
1446,723.0,723.5,0
1447,723.5,724.0,0
1448,724.0,724.5,0
1449,724.5,725.0,0
1450,725.0,725.5,0
1451,725.5,726.0,0
1452,726.0,726.5,0
1453,726.5,727.0,1
1454,727.0,727.5,0
1455,727.5,728.0,0
1456,728.0,728.5,0
1457,728.5,729.0,1
1458,729.0,729.5,1
1459,729.5,730.0,0
1460,730.0,730.5,0
1461,730.5,731.0,0
1462,731.0,731.5,1
1463,731.5,732.0,0
1464,732.0,732.5,0
1465,732.5,733.0,0
1466,733.0,733.5,0
1467,733.5,734.0,0
1468,734.0,734.5,0
1469,734.5,735.0,0
1470,735.0,735.5,0
1471,735.5,736.0,1
1472,736.0,736.5,1
1473,736.5,737.0,0
1474,737.0,737.5,0
1475,737.5,738.0,0
1476,738.0,738.5,0
1477,738.5,739.0,0
1478,739.0,739.5,0
1479,739.5,740.0,0
1480,740.0,740.5,0
1481,740.5,741.0,0
1482,741.0,741.5,0
1483,741.5,742.0,0
1484,742.0,742.5,1
1485,742.5,743.0,0
1486,743.0,743.5,0
1487,743.5,744.0,0
1488,744.0,744.5,0
1489,744.5,745.0,0
1490,745.0,745.5,0
1491,745.5,746.0,0
1492,746.0,746.5,0
1493,746.5,747.0,0
1494,747.0,747.5,0
1495,747.5,748.0,0
1496,748.0,748.5,1
1497,748.5,749.0,0
1498,749.0,749.5,0
1499,749.5,750.0,0
1500,750.0,750.5,0
1501,750.5,751.0,0
1502,751.0,751.5,0
1503,751.5,752.0,0
1504,752.0,752.5,0
1505,752.5,753.0,0
1506,753.0,753.5,0
1507,753.5,754.0,0
1508,754.0,754.5,1
1509,754.5,755.0,0
1510,755.0,755.5,0
1511,755.5,756.0,0
1512,756.0,756.5,1
1513,756.5,757.0,0
1514,757.0,757.5,0
1515,757.5,758.0,0
1516,758.0,758.5,0
1517,758.5,759.0,1
1518,759.0,759.5,0
1519,759.5,760.0,0
1520,760.0,760.5,0
1521,760.5,761.0,0
1522,761.0,761.5,0
1523,761.5,762.0,0
1524,762.0,762.5,0
1525,762.5,763.0,0
1526,763.0,763.5,1
1527,763.5,764.0,0
1528,764.0,764.5,0
1529,764.5,765.0,0
1530,765.0,765.5,0
1531,765.5,766.0,0
1532,766.0,766.5,0
1533,766.5,767.0,0
1534,767.0,767.5,0
1535,767.5,768.0,0
1536,768.0,768.5,0
1537,768.5,769.0,0
1538,769.0,769.5,0
1539,769.5,770.0,0
1540,770.0,770.5,0
1541,770.5,771.0,0
1542,771.0,771.5,0
1543,771.5,772.0,0
1544,772.0,772.5,1
1545,772.5,773.0,0
1546,773.0,773.5,0
1547,773.5,774.0,0
1548,774.0,774.5,0
1549,774.5,775.0,0
1550,775.0,775.5,0
1551,775.5,776.0,0
1552,776.0,776.5,0
1553,776.5,777.0,0
1554,777.0,777.5,0
1555,777.5,778.0,0
1556,778.0,778.5,0
1557,778.5,779.0,0
1558,779.0,779.5,0
1559,779.5,780.0,0
1560,780.0,780.5,0
1561,780.5,781.0,0
1562,781.0,781.5,0
1563,781.5,782.0,0
1564,782.0,782.5,1
1565,782.5,783.0,1
1566,783.0,783.5,0
1567,783.5,784.0,0
1568,784.0,784.5,0
1569,784.5,785.0,0
1570,785.0,785.5,0
1571,785.5,786.0,0
1572,786.0,786.5,0
1573,786.5,787.0,0
1574,787.0,787.5,0
1575,787.5,788.0,0
1576,788.0,788.5,0
1577,788.5,789.0,0
1578,789.0,789.5,0
1579,789.5,790.0,1
1580,790.0,790.5,1
1581,790.5,791.0,0
1582,791.0,791.5,0
1583,791.5,792.0,0
1584,792.0,792.5,1
1585,792.5,793.0,0
1586,793.0,793.5,0
1587,793.5,794.0,0
1588,794.0,794.5,0
1589,794.5,795.0,0
1590,795.0,795.5,0
1591,795.5,796.0,0
1592,796.0,796.5,0
1593,796.5,797.0,0
1594,797.0,797.5,0
1595,797.5,798.0,0
1596,798.0,798.5,0
1597,798.5,799.0,0
1598,799.0,799.5,0
1599,799.5,800.0,0
1600,800.0,800.5,0
1601,800.5,801.0,0
1602,801.0,801.5,0
1603,801.5,802.0,0
1604,802.0,802.5,0
1605,802.5,803.0,0
1606,803.0,803.5,0
1607,803.5,804.0,0
1608,804.0,804.5,0
1609,804.5,805.0,0
1610,805.0,805.5,0
1611,805.5,806.0,0
1612,806.0,806.5,0
1613,806.5,807.0,0
1614,807.0,807.5,0
1615,807.5,808.0,0
1616,808.0,808.5,0
1617,808.5,809.0,0
1618,809.0,809.5,0
1619,809.5,810.0,1
1620,810.0,810.5,0
1621,810.5,811.0,0
1622,811.0,811.5,0
1623,811.5,812.0,1
1624,812.0,812.5,0
1625,812.5,813.0,0
1626,813.0,813.5,0
1627,813.5,814.0,0
1628,814.0,814.5,0
1629,814.5,815.0,0
1630,815.0,815.5,0
1631,815.5,816.0,0
1632,816.0,816.5,0
1633,816.5,817.0,0
1634,817.0,817.5,0
1635,817.5,818.0,0
1636,818.0,818.5,0
1637,818.5,819.0,0
1638,819.0,819.5,0
1639,819.5,820.0,0
1640,820.0,820.5,0
1641,820.5,821.0,0
1642,821.0,821.5,0
1643,821.5,822.0,0
1644,822.0,822.5,0
1645,822.5,823.0,0
1646,823.0,823.5,0
1647,823.5,824.0,1
1648,824.0,824.5,0
1649,824.5,825.0,0
1650,825.0,825.5,0
1651,825.5,826.0,0
1652,826.0,826.5,0
1653,826.5,827.0,0
1654,827.0,827.5,0
1655,827.5,828.0,0
1656,828.0,828.5,0
1657,828.5,829.0,0
1658,829.0,829.5,0
1659,829.5,830.0,0
1660,830.0,830.5,0
1661,830.5,831.0,0
1662,831.0,831.5,0
1663,831.5,832.0,1
1664,832.0,832.5,0
1665,832.5,833.0,0
1666,833.0,833.5,0
1667,833.5,834.0,0
1668,834.0,834.5,0
1669,834.5,835.0,0
1670,835.0,835.5,0
1671,835.5,836.0,0
1672,836.0,836.5,0
1673,836.5,837.0,0
1674,837.0,837.5,0
1675,837.5,838.0,1
1676,838.0,838.5,1
1677,838.5,839.0,0
1678,839.0,839.5,0
1679,839.5,840.0,0
1680,840.0,840.5,1
1681,840.5,841.0,0
1682,841.0,841.5,0
1683,841.5,842.0,0
1684,842.0,842.5,0
1685,842.5,843.0,0
1686,843.0,843.5,0
1687,843.5,844.0,0
1688,844.0,844.5,0
1689,844.5,845.0,0
1690,845.0,845.5,0
1691,845.5,846.0,0
1692,846.0,846.5,0
1693,846.5,847.0,0
1694,847.0,847.5,0
1695,847.5,848.0,0
1696,848.0,848.5,0
1697,848.5,849.0,0
1698,849.0,849.5,0
1699,849.5,850.0,0
1700,850.0,850.5,0
1701,850.5,851.0,0
1702,851.0,851.5,0
1703,851.5,852.0,0
1704,852.0,852.5,0
1705,852.5,853.0,0
1706,853.0,853.5,0
1707,853.5,854.0,0
1708,854.0,854.5,0
1709,854.5,855.0,0
1710,855.0,855.5,0
1711,855.5,856.0,0
1712,856.0,856.5,0
1713,856.5,857.0,0
1714,857.0,857.5,0
1715,857.5,858.0,0
1716,858.0,858.5,0
1717,858.5,859.0,0
1718,859.0,859.5,0
1719,859.5,860.0,0
1720,860.0,860.5,0
1721,860.5,861.0,0
1722,861.0,861.5,0
1723,861.5,862.0,0
1724,862.0,862.5,0
1725,862.5,863.0,0
1726,863.0,863.5,0
1727,863.5,864.0,0
1728,864.0,864.5,0
1729,864.5,865.0,0
1730,865.0,865.5,0
1731,865.5,866.0,0
1732,866.0,866.5,0
1733,866.5,867.0,0
1734,867.0,867.5,0
1735,867.5,868.0,0
1736,868.0,868.5,0
1737,868.5,869.0,0
1738,869.0,869.5,0
1739,869.5,870.0,0
1740,870.0,870.5,0
1741,870.5,871.0,0
1742,871.0,871.5,0
1743,871.5,872.0,1
1744,872.0,872.5,0
1745,872.5,873.0,1
1746,873.0,873.5,1
1747,873.5,874.0,0
1748,874.0,874.5,1
1749,874.5,875.0,0
1750,875.0,875.5,0
1751,875.5,876.0,0
1752,876.0,876.5,0
1753,876.5,877.0,0
1754,877.0,877.5,0
1755,877.5,878.0,0
1756,878.0,878.5,0
1757,878.5,879.0,0
1758,879.0,879.5,0
1759,879.5,880.0,0
1760,880.0,880.5,0
1761,880.5,881.0,0
1762,881.0,881.5,0
1763,881.5,882.0,0
1764,882.0,882.5,0
1765,882.5,883.0,0
1766,883.0,883.5,0
1767,883.5,884.0,1
1768,884.0,884.5,0
1769,884.5,885.0,0
1770,885.0,885.5,0
1771,885.5,886.0,0
1772,886.0,886.5,0
1773,886.5,887.0,0
1774,887.0,887.5,0
1775,887.5,888.0,0
1776,888.0,888.5,0
1777,888.5,889.0,1
1778,889.0,889.5,0
1779,889.5,890.0,0
1780,890.0,890.5,0
1781,890.5,891.0,0
1782,891.0,891.5,0
1783,891.5,892.0,0
1784,892.0,892.5,0
1785,892.5,893.0,0
1786,893.0,893.5,0
1787,893.5,894.0,0
1788,894.0,894.5,0
1789,894.5,895.0,0
1790,895.0,895.5,0
1791,895.5,896.0,0
1792,896.0,896.5,0
1793,896.5,897.0,0
1794,897.0,897.5,0
1795,897.5,898.0,0
1796,898.0,898.5,0
1797,898.5,899.0,0
1798,899.0,899.5,1
1799,899.5,900.0,0
1800,900.0,900.5,0
1801,900.5,901.0,0
1802,901.0,901.5,0
1803,901.5,902.0,0
1804,902.0,902.5,0
1805,902.5,903.0,0
1806,903.0,903.5,0
1807,903.5,904.0,0
1808,904.0,904.5,0
1809,904.5,905.0,1
1810,905.0,905.5,0
1811,905.5,906.0,0
1812,906.0,906.5,0
1813,906.5,907.0,0
1814,907.0,907.5,0
1815,907.5,908.0,0
1816,908.0,908.5,0
1817,908.5,909.0,0
1818,909.0,909.5,0
1819,909.5,910.0,0
1820,910.0,910.5,0
1821,910.5,911.0,0
1822,911.0,911.5,0
1823,911.5,912.0,0
1824,912.0,912.5,0
1825,912.5,913.0,1
1826,913.0,913.5,0
1827,913.5,914.0,0
1828,914.0,914.5,0
1829,914.5,915.0,0
1830,915.0,915.5,0
1831,915.5,916.0,1
1832,916.0,916.5,0
1833,916.5,917.0,0
1834,917.0,917.5,0
1835,917.5,918.0,0
1836,918.0,918.5,0
1837,918.5,919.0,0
1838,919.0,919.5,0
1839,919.5,920.0,1
1840,920.0,920.5,0
1841,920.5,921.0,0
1842,921.0,921.5,0
1843,921.5,922.0,0
1844,922.0,922.5,0
1845,922.5,923.0,0
1846,923.0,923.5,1
1847,923.5,924.0,1
1848,924.0,924.5,0
1849,924.5,925.0,0
1850,925.0,925.5,0
1851,925.5,926.0,0
1852,926.0,926.5,0
1853,926.5,927.0,0
1854,927.0,927.5,0
1855,927.5,928.0,0
1856,928.0,928.5,0
1857,928.5,929.0,0
1858,929.0,929.5,1
1859,929.5,930.0,0
1860,930.0,930.5,0
1861,930.5,931.0,0
1862,931.0,931.5,0
1863,931.5,932.0,0
1864,932.0,932.5,0
1865,932.5,933.0,0
1866,933.0,933.5,0
1867,933.5,934.0,0
1868,934.0,934.5,0
1869,934.5,935.0,1
1870,935.0,935.5,1
1871,935.5,936.0,1
1872,936.0,936.5,0
1873,936.5,937.0,0
1874,937.0,937.5,0
1875,937.5,938.0,0
1876,938.0,938.5,0
1877,938.5,939.0,1
1878,939.0,939.5,0
1879,939.5,940.0,0
1880,940.0,940.5,0
1881,940.5,941.0,0
1882,941.0,941.5,0
1883,941.5,942.0,0
1884,942.0,942.5,0
1885,942.5,943.0,0
1886,943.0,943.5,0
1887,943.5,944.0,0
1888,944.0,944.5,0
1889,944.5,945.0,0
1890,945.0,945.5,1
1891,945.5,946.0,1
1892,946.0,946.5,0
1893,946.5,947.0,0
1894,947.0,947.5,0
1895,947.5,948.0,0
1896,948.0,948.5,0
1897,948.5,949.0,0
1898,949.0,949.5,0
1899,949.5,950.0,0
1900,950.0,950.5,0
1901,950.5,951.0,0
1902,951.0,951.5,0
1903,951.5,952.0,1
1904,952.0,952.5,0
1905,952.5,953.0,0
1906,953.0,953.5,0
1907,953.5,954.0,0
1908,954.0,954.5,0
1909,954.5,955.0,1
1910,955.0,955.5,1
1911,955.5,956.0,0
1912,956.0,956.5,1
1913,956.5,957.0,0
1914,957.0,957.5,0
1915,957.5,958.0,0
1916,958.0,958.5,0
1917,958.5,959.0,0
1918,959.0,959.5,0
1919,959.5,960.0,0
1920,960.0,960.5,0
1921,960.5,961.0,0
1922,961.0,961.5,0
1923,961.5,962.0,0
1924,962.0,962.5,0
1925,962.5,963.0,0
1926,963.0,963.5,0
1927,963.5,964.0,0
1928,964.0,964.5,0
1929,964.5,965.0,0
1930,965.0,965.5,0
1931,965.5,966.0,0
1932,966.0,966.5,1
1933,966.5,967.0,0
1934,967.0,967.5,0
1935,967.5,968.0,0
1936,968.0,968.5,0
1937,968.5,969.0,0
1938,969.0,969.5,0
1939,969.5,970.0,0
1940,970.0,970.5,0
1941,970.5,971.0,0
1942,971.0,971.5,1
1943,971.5,972.0,0
1944,972.0,972.5,0
1945,972.5,973.0,0
1946,973.0,973.5,0
1947,973.5,974.0,0
1948,974.0,974.5,0
1949,974.5,975.0,0
1950,975.0,975.5,0
1951,975.5,976.0,0
1952,976.0,976.5,0
1953,976.5,977.0,0
1954,977.0,977.5,0
1955,977.5,978.0,0
1956,978.0,978.5,0
1957,978.5,979.0,0
1958,979.0,979.5,1
1959,979.5,980.0,0
1960,980.0,980.5,0
1961,980.5,981.0,0
1962,981.0,981.5,0
1963,981.5,982.0,0
1964,982.0,982.5,1
1965,982.5,983.0,1
1966,983.0,983.5,0
1967,983.5,984.0,0
1968,984.0,984.5,0
1969,984.5,985.0,0
1970,985.0,985.5,0
1971,985.5,986.0,0
1972,986.0,986.5,0
1973,986.5,987.0,0
1974,987.0,987.5,0
1975,987.5,988.0,0
1976,988.0,988.5,0
1977,988.5,989.0,0
1978,989.0,989.5,1
1979,989.5,990.0,0
1980,990.0,990.5,0
1981,990.5,991.0,0
1982,991.0,991.5,0
1983,991.5,992.0,0
1984,992.0,992.5,0
1985,992.5,993.0,0
1986,993.0,993.5,0
1987,993.5,994.0,0
1988,994.0,994.5,1
1989,994.5,995.0,0
1990,995.0,995.5,0
1991,995.5,996.0,0
1992,996.0,996.5,0
1993,996.5,997.0,0
1994,997.0,997.5,1
1995,997.5,998.0,1
1996,998.0,998.5,0
1997,998.5,999.0,0
1998,999.0,999.5,0
1999,999.5,1000.0,0
2000,1000.0,1000.5,0
2001,1000.5,1001.0,0
2002,1001.0,1001.5,1
2003,1001.5,1002.0,0
2004,1002.0,1002.5,0
2005,1002.5,1003.0,0
2006,1003.0,1003.5,0
2007,1003.5,1004.0,0
2008,1004.0,1004.5,1
2009,1004.5,1005.0,0
2010,1005.0,1005.5,0
2011,1005.5,1006.0,0
2012,1006.0,1006.5,1
2013,1006.5,1007.0,0
2014,1007.0,1007.5,0
2015,1007.5,1008.0,0
2016,1008.0,1008.5,1
2017,1008.5,1009.0,1
2018,1009.0,1009.5,0
2019,1009.5,1010.0,0
2020,1010.0,1010.5,0
2021,1010.5,1011.0,0
2022,1011.0,1011.5,0
2023,1011.5,1012.0,1
2024,1012.0,1012.5,0
2025,1012.5,1013.0,1
2026,1013.0,1013.5,0
2027,1013.5,1014.0,1
2028,1014.0,1014.5,0
2029,1014.5,1015.0,1
2030,1015.0,1015.5,0
2031,1015.5,1016.0,0
2032,1016.0,1016.5,0
2033,1016.5,1017.0,0
2034,1017.0,1017.5,0
2035,1017.5,1018.0,0
2036,1018.0,1018.5,0
2037,1018.5,1019.0,0
2038,1019.0,1019.5,0
2039,1019.5,1020.0,0
2040,1020.0,1020.5,0
2041,1020.5,1021.0,0
2042,1021.0,1021.5,0
2043,1021.5,1022.0,0
2044,1022.0,1022.5,0
2045,1022.5,1023.0,0
2046,1023.0,1023.5,0
2047,1023.5,1024.0,0
2048,1024.0,1024.5,0
2049,1024.5,1025.0,0
2050,1025.0,1025.5,1
2051,1025.5,1026.0,0
2052,1026.0,1026.5,1
2053,1026.5,1027.0,0
2054,1027.0,1027.5,0
2055,1027.5,1028.0,0
2056,1028.0,1028.5,0
2057,1028.5,1029.0,0
2058,1029.0,1029.5,0
2059,1029.5,1030.0,0
2060,1030.0,1030.5,0
2061,1030.5,1031.0,0
2062,1031.0,1031.5,0
2063,1031.5,1032.0,1
2064,1032.0,1032.5,1
2065,1032.5,1033.0,0
2066,1033.0,1033.5,1
2067,1033.5,1034.0,0
2068,1034.0,1034.5,1
2069,1034.5,1035.0,0
2070,1035.0,1035.5,0
2071,1035.5,1036.0,0
2072,1036.0,1036.5,0
2073,1036.5,1037.0,0
2074,1037.0,1037.5,0
2075,1037.5,1038.0,0
2076,1038.0,1038.5,0
2077,1038.5,1039.0,0
2078,1039.0,1039.5,0
2079,1039.5,1040.0,0
2080,1040.0,1040.5,0
2081,1040.5,1041.0,0
2082,1041.0,1041.5,0
2083,1041.5,1042.0,0
2084,1042.0,1042.5,0
2085,1042.5,1043.0,0
2086,1043.0,1043.5,0
2087,1043.5,1044.0,0
2088,1044.0,1044.5,0
2089,1044.5,1045.0,0
2090,1045.0,1045.5,0
2091,1045.5,1046.0,1
2092,1046.0,1046.5,0
2093,1046.5,1047.0,0
2094,1047.0,1047.5,0
2095,1047.5,1048.0,0
2096,1048.0,1048.5,0
2097,1048.5,1049.0,0
2098,1049.0,1049.5,0
2099,1049.5,1050.0,0
2100,1050.0,1050.5,0
2101,1050.5,1051.0,0
2102,1051.0,1051.5,0
2103,1051.5,1052.0,0
2104,1052.0,1052.5,0
2105,1052.5,1053.0,0
2106,1053.0,1053.5,0
2107,1053.5,1054.0,0
2108,1054.0,1054.5,0
2109,1054.5,1055.0,0
2110,1055.0,1055.5,0
2111,1055.5,1056.0,0
2112,1056.0,1056.5,0
2113,1056.5,1057.0,0
2114,1057.0,1057.5,0
2115,1057.5,1058.0,0
2116,1058.0,1058.5,0
2117,1058.5,1059.0,0
2118,1059.0,1059.5,0
2119,1059.5,1060.0,0
2120,1060.0,1060.5,0
2121,1060.5,1061.0,0
2122,1061.0,1061.5,0
2123,1061.5,1062.0,0
2124,1062.0,1062.5,0
2125,1062.5,1063.0,0
2126,1063.0,1063.5,0
2127,1063.5,1064.0,0
2128,1064.0,1064.5,0
2129,1064.5,1065.0,0
2130,1065.0,1065.5,0
2131,1065.5,1066.0,0
2132,1066.0,1066.5,0
2133,1066.5,1067.0,1
2134,1067.0,1067.5,0
2135,1067.5,1068.0,0
2136,1068.0,1068.5,0
2137,1068.5,1069.0,0
2138,1069.0,1069.5,0
2139,1069.5,1070.0,0
2140,1070.0,1070.5,0
2141,1070.5,1071.0,0
2142,1071.0,1071.5,0
2143,1071.5,1072.0,0
2144,1072.0,1072.5,0
2145,1072.5,1073.0,0
2146,1073.0,1073.5,0
2147,1073.5,1074.0,0
2148,1074.0,1074.5,0
2149,1074.5,1075.0,0
2150,1075.0,1075.5,0
2151,1075.5,1076.0,0
2152,1076.0,1076.5,0
2153,1076.5,1077.0,0
2154,1077.0,1077.5,0
2155,1077.5,1078.0,0
2156,1078.0,1078.5,0
2157,1078.5,1079.0,0
2158,1079.0,1079.5,0
2159,1079.5,1080.0,0
2160,1080.0,1080.5,0
2161,1080.5,1081.0,0
2162,1081.0,1081.5,0
2163,1081.5,1082.0,0
2164,1082.0,1082.5,0
2165,1082.5,1083.0,0
2166,1083.0,1083.5,0
2167,1083.5,1084.0,0
2168,1084.0,1084.5,0
2169,1084.5,1085.0,0
2170,1085.0,1085.5,0
2171,1085.5,1086.0,1
2172,1086.0,1086.5,0
2173,1086.5,1087.0,0
2174,1087.0,1087.5,0
2175,1087.5,1088.0,0
2176,1088.0,1088.5,0
2177,1088.5,1089.0,0
2178,1089.0,1089.5,0
2179,1089.5,1090.0,0
2180,1090.0,1090.5,0
2181,1090.5,1091.0,0
2182,1091.0,1091.5,0
2183,1091.5,1092.0,0
2184,1092.0,1092.5,0
2185,1092.5,1093.0,0
2186,1093.0,1093.5,0
2187,1093.5,1094.0,0
2188,1094.0,1094.5,0
2189,1094.5,1095.0,0
2190,1095.0,1095.5,0
2191,1095.5,1096.0,0
2192,1096.0,1096.5,0
2193,1096.5,1097.0,0
2194,1097.0,1097.5,0
2195,1097.5,1098.0,0
2196,1098.0,1098.5,0
2197,1098.5,1099.0,0
2198,1099.0,1099.5,0
2199,1099.5,1100.0,0
2200,1100.0,1100.5,0
2201,1100.5,1101.0,0
2202,1101.0,1101.5,0
2203,1101.5,1102.0,0
2204,1102.0,1102.5,0
2205,1102.5,1103.0,0
2206,1103.0,1103.5,0
2207,1103.5,1104.0,0
2208,1104.0,1104.5,0
2209,1104.5,1105.0,0
2210,1105.0,1105.5,0
2211,1105.5,1106.0,0
2212,1106.0,1106.5,0
2213,1106.5,1107.0,0
2214,1107.0,1107.5,0
2215,1107.5,1108.0,0
2216,1108.0,1108.5,0
2217,1108.5,1109.0,0
2218,1109.0,1109.5,0
2219,1109.5,1110.0,0
2220,1110.0,1110.5,0
2221,1110.5,1111.0,0
2222,1111.0,1111.5,0
2223,1111.5,1112.0,0
2224,1112.0,1112.5,0
2225,1112.5,1113.0,0
2226,1113.0,1113.5,0
2227,1113.5,1114.0,0
2228,1114.0,1114.5,0
2229,1114.5,1115.0,0
2230,1115.0,1115.5,0
2231,1115.5,1116.0,0
2232,1116.0,1116.5,0
2233,1116.5,1117.0,0
2234,1117.0,1117.5,0
2235,1117.5,1118.0,0
2236,1118.0,1118.5,0
2237,1118.5,1119.0,0
2238,1119.0,1119.5,0
2239,1119.5,1120.0,0
2240,1120.0,1120.5,0
2241,1120.5,1121.0,0
2242,1121.0,1121.5,0
2243,1121.5,1122.0,0
2244,1122.0,1122.5,0
2245,1122.5,1123.0,0
2246,1123.0,1123.5,0
2247,1123.5,1124.0,0
2248,1124.0,1124.5,0
2249,1124.5,1125.0,0
2250,1125.0,1125.5,0
2251,1125.5,1126.0,0
2252,1126.0,1126.5,0
2253,1126.5,1127.0,0
2254,1127.0,1127.5,0
2255,1127.5,1128.0,0
2256,1128.0,1128.5,0
2257,1128.5,1129.0,0
2258,1129.0,1129.5,0
2259,1129.5,1130.0,0
2260,1130.0,1130.5,0
2261,1130.5,1131.0,0
2262,1131.0,1131.5,0
2263,1131.5,1132.0,0
2264,1132.0,1132.5,0
2265,1132.5,1133.0,0
2266,1133.0,1133.5,0
2267,1133.5,1134.0,0
2268,1134.0,1134.5,0
2269,1134.5,1135.0,0
2270,1135.0,1135.5,0
2271,1135.5,1136.0,0
2272,1136.0,1136.5,0
2273,1136.5,1137.0,0
2274,1137.0,1137.5,0
2275,1137.5,1138.0,0
2276,1138.0,1138.5,0
2277,1138.5,1139.0,0
2278,1139.0,1139.5,0
2279,1139.5,1140.0,0
2280,1140.0,1140.5,0
2281,1140.5,1141.0,0
2282,1141.0,1141.5,0
2283,1141.5,1142.0,0
2284,1142.0,1142.5,0
2285,1142.5,1143.0,0
2286,1143.0,1143.5,0
2287,1143.5,1144.0,1
2288,1144.0,1144.5,0
2289,1144.5,1145.0,0
2290,1145.0,1145.5,0
2291,1145.5,1146.0,0
2292,1146.0,1146.5,0
2293,1146.5,1147.0,0
2294,1147.0,1147.5,0
2295,1147.5,1148.0,0
2296,1148.0,1148.5,0
2297,1148.5,1149.0,0
2298,1149.0,1149.5,0
2299,1149.5,1150.0,0
2300,1150.0,1150.5,0
2301,1150.5,1151.0,0
2302,1151.0,1151.5,0
2303,1151.5,1152.0,0
2304,1152.0,1152.5,0
2305,1152.5,1153.0,0
2306,1153.0,1153.5,1
2307,1153.5,1154.0,0
2308,1154.0,1154.5,0
2309,1154.5,1155.0,0
2310,1155.0,1155.5,0
2311,1155.5,1156.0,0
2312,1156.0,1156.5,0
2313,1156.5,1157.0,0
2314,1157.0,1157.5,0
2315,1157.5,1158.0,0
2316,1158.0,1158.5,0
2317,1158.5,1159.0,0
2318,1159.0,1159.5,0
2319,1159.5,1160.0,0
2320,1160.0,1160.5,0
2321,1160.5,1161.0,0
2322,1161.0,1161.5,0
2323,1161.5,1162.0,0
2324,1162.0,1162.5,0
2325,1162.5,1163.0,0
2326,1163.0,1163.5,0
2327,1163.5,1164.0,0
2328,1164.0,1164.5,0
2329,1164.5,1165.0,0
2330,1165.0,1165.5,0
2331,1165.5,1166.0,0
2332,1166.0,1166.5,0
2333,1166.5,1167.0,0
2334,1167.0,1167.5,0
2335,1167.5,1168.0,0
2336,1168.0,1168.5,0
2337,1168.5,1169.0,0
2338,1169.0,1169.5,1
2339,1169.5,1170.0,0
2340,1170.0,1170.5,0
2341,1170.5,1171.0,0
2342,1171.0,1171.5,0
2343,1171.5,1172.0,0
2344,1172.0,1172.5,0
2345,1172.5,1173.0,0
2346,1173.0,1173.5,0
2347,1173.5,1174.0,0
2348,1174.0,1174.5,0
2349,1174.5,1175.0,0
2350,1175.0,1175.5,1
2351,1175.5,1176.0,0
2352,1176.0,1176.5,0
2353,1176.5,1177.0,0
2354,1177.0,1177.5,0
2355,1177.5,1178.0,0
2356,1178.0,1178.5,0
2357,1178.5,1179.0,0
2358,1179.0,1179.5,0
2359,1179.5,1180.0,0
2360,1180.0,1180.5,0
2361,1180.5,1181.0,0
2362,1181.0,1181.5,0
2363,1181.5,1182.0,0
2364,1182.0,1182.5,0
2365,1182.5,1183.0,0
2366,1183.0,1183.5,0
2367,1183.5,1184.0,0
2368,1184.0,1184.5,0
2369,1184.5,1185.0,0
2370,1185.0,1185.5,1
2371,1185.5,1186.0,0
2372,1186.0,1186.5,0
2373,1186.5,1187.0,0
2374,1187.0,1187.5,0
2375,1187.5,1188.0,0
2376,1188.0,1188.5,0
2377,1188.5,1189.0,0
2378,1189.0,1189.5,0
2379,1189.5,1190.0,0
2380,1190.0,1190.5,0
2381,1190.5,1191.0,0
2382,1191.0,1191.5,0
2383,1191.5,1192.0,0
2384,1192.0,1192.5,0
2385,1192.5,1193.0,0
2386,1193.0,1193.5,0
2387,1193.5,1194.0,0
2388,1194.0,1194.5,0
2389,1194.5,1195.0,0
2390,1195.0,1195.5,0
2391,1195.5,1196.0,0
2392,1196.0,1196.5,0
2393,1196.5,1197.0,0
2394,1197.0,1197.5,0
2395,1197.5,1198.0,0
2396,1198.0,1198.5,0
2397,1198.5,1199.0,0
2398,1199.0,1199.5,0
2399,1199.5,1200.0,0
2400,1200.0,1200.5,0
2401,1200.5,1201.0,0
2402,1201.0,1201.5,0
2403,1201.5,1202.0,0
2404,1202.0,1202.5,0
2405,1202.5,1203.0,0
2406,1203.0,1203.5,0
2407,1203.5,1204.0,0
2408,1204.0,1204.5,0
2409,1204.5,1205.0,0
2410,1205.0,1205.5,0
2411,1205.5,1206.0,0
2412,1206.0,1206.5,0
2413,1206.5,1207.0,0
2414,1207.0,1207.5,0
2415,1207.5,1208.0,0
2416,1208.0,1208.5,0
2417,1208.5,1209.0,0
2418,1209.0,1209.5,0
2419,1209.5,1210.0,0
2420,1210.0,1210.5,0
2421,1210.5,1211.0,0
2422,1211.0,1211.5,0
2423,1211.5,1212.0,0
2424,1212.0,1212.5,0
2425,1212.5,1213.0,0
2426,1213.0,1213.5,0
2427,1213.5,1214.0,0
2428,1214.0,1214.5,0
2429,1214.5,1215.0,0
2430,1215.0,1215.5,0
2431,1215.5,1216.0,0
2432,1216.0,1216.5,0
2433,1216.5,1217.0,0
2434,1217.0,1217.5,0
2435,1217.5,1218.0,0
2436,1218.0,1218.5,0
2437,1218.5,1219.0,0
2438,1219.0,1219.5,0
2439,1219.5,1220.0,0
2440,1220.0,1220.5,0
2441,1220.5,1221.0,1
2442,1221.0,1221.5,0
2443,1221.5,1222.0,0
2444,1222.0,1222.5,0
2445,1222.5,1223.0,0
2446,1223.0,1223.5,0
2447,1223.5,1224.0,1
2448,1224.0,1224.5,0
2449,1224.5,1225.0,0
2450,1225.0,1225.5,0
2451,1225.5,1226.0,0
2452,1226.0,1226.5,0
2453,1226.5,1227.0,0
2454,1227.0,1227.5,0
2455,1227.5,1228.0,0
2456,1228.0,1228.5,0
2457,1228.5,1229.0,0
2458,1229.0,1229.5,1
2459,1229.5,1230.0,0
2460,1230.0,1230.5,0
2461,1230.5,1231.0,0
2462,1231.0,1231.5,0
2463,1231.5,1232.0,0
2464,1232.0,1232.5,0
2465,1232.5,1233.0,0
2466,1233.0,1233.5,1
2467,1233.5,1234.0,0
2468,1234.0,1234.5,0
2469,1234.5,1235.0,1
2470,1235.0,1235.5,1
2471,1235.5,1236.0,0
2472,1236.0,1236.5,0
2473,1236.5,1237.0,1
2474,1237.0,1237.5,0
2475,1237.5,1238.0,0
2476,1238.0,1238.5,0
2477,1238.5,1239.0,0
2478,1239.0,1239.5,0
2479,1239.5,1240.0,0
2480,1240.0,1240.5,0
2481,1240.5,1241.0,0
2482,1241.0,1241.5,0
2483,1241.5,1242.0,0
2484,1242.0,1242.5,0
2485,1242.5,1243.0,0
2486,1243.0,1243.5,0
2487,1243.5,1244.0,0
2488,1244.0,1244.5,0
2489,1244.5,1245.0,0
